"train/epoch","Group: alexnet-pretrain-adam-finetune-adam-lr0.0001-preratio0.05-group - test/accuracy","Group: alexnet-pretrain-adam-finetune-adam-lr0.0001-preratio0.05-group - test/accuracy__MIN","Group: alexnet-pretrain-adam-finetune-adam-lr0.0001-preratio0.05-group - test/accuracy__MAX","Group: alexnet-pretrain-adam-finetune-adam-lr0.0001-preratio0.05-group - _step","Group: alexnet-pretrain-adam-finetune-adam-lr0.0001-preratio0.05-group - _step__MIN","Group: alexnet-pretrain-adam-finetune-adam-lr0.0001-preratio0.05-group - _step__MAX","Group: alexnet-pretrain-adam-finetune-adam-lr0.0001-preratio0.01-group - test/accuracy","Group: alexnet-pretrain-adam-finetune-adam-lr0.0001-preratio0.01-group - test/accuracy__MIN","Group: alexnet-pretrain-adam-finetune-adam-lr0.0001-preratio0.01-group - test/accuracy__MAX","Group: alexnet-pretrain-adam-finetune-adam-lr0.0001-preratio0.01-group - _step","Group: alexnet-pretrain-adam-finetune-adam-lr0.0001-preratio0.01-group - _step__MIN","Group: alexnet-pretrain-adam-finetune-adam-lr0.0001-preratio0.01-group - _step__MAX","Group: alexnet-pretrain-adam-finetune-adam-lr0.0001-preratio0.005-group - test/accuracy","Group: alexnet-pretrain-adam-finetune-adam-lr0.0001-preratio0.005-group - test/accuracy__MIN","Group: alexnet-pretrain-adam-finetune-adam-lr0.0001-preratio0.005-group - test/accuracy__MAX","Group: alexnet-pretrain-adam-finetune-adam-lr0.0001-preratio0.005-group - _step","Group: alexnet-pretrain-adam-finetune-adam-lr0.0001-preratio0.005-group - _step__MIN","Group: alexnet-pretrain-adam-finetune-adam-lr0.0001-preratio0.005-group - _step__MAX","Group: alexnet-pretrain-adam-finetune-adam-lr0.0001-preratio0.0-group - test/accuracy","Group: alexnet-pretrain-adam-finetune-adam-lr0.0001-preratio0.0-group - test/accuracy__MIN","Group: alexnet-pretrain-adam-finetune-adam-lr0.0001-preratio0.0-group - test/accuracy__MAX","Group: alexnet-pretrain-adam-finetune-adam-lr0.0001-preratio0.0-group - _step","Group: alexnet-pretrain-adam-finetune-adam-lr0.0001-preratio0.0-group - _step__MIN","Group: alexnet-pretrain-adam-finetune-adam-lr0.0001-preratio0.0-group - _step__MAX","Group: alexnet-pretrain-adam-finetune-adam-lr0.00005-preratio0.05-group - test/accuracy","Group: alexnet-pretrain-adam-finetune-adam-lr0.00005-preratio0.05-group - test/accuracy__MIN","Group: alexnet-pretrain-adam-finetune-adam-lr0.00005-preratio0.05-group - test/accuracy__MAX","Group: alexnet-pretrain-adam-finetune-adam-lr0.00005-preratio0.05-group - _step","Group: alexnet-pretrain-adam-finetune-adam-lr0.00005-preratio0.05-group - _step__MIN","Group: alexnet-pretrain-adam-finetune-adam-lr0.00005-preratio0.05-group - _step__MAX","Group: alexnet-pretrain-adam-finetune-adam-lr0.00005-preratio0.01-group - test/accuracy","Group: alexnet-pretrain-adam-finetune-adam-lr0.00005-preratio0.01-group - test/accuracy__MIN","Group: alexnet-pretrain-adam-finetune-adam-lr0.00005-preratio0.01-group - test/accuracy__MAX","Group: alexnet-pretrain-adam-finetune-adam-lr0.00005-preratio0.01-group - _step","Group: alexnet-pretrain-adam-finetune-adam-lr0.00005-preratio0.01-group - _step__MIN","Group: alexnet-pretrain-adam-finetune-adam-lr0.00005-preratio0.01-group - _step__MAX","Group: alexnet-pretrain-adam-finetune-adam-lr0.00005-preratio0.005-group - test/accuracy","Group: alexnet-pretrain-adam-finetune-adam-lr0.00005-preratio0.005-group - test/accuracy__MIN","Group: alexnet-pretrain-adam-finetune-adam-lr0.00005-preratio0.005-group - test/accuracy__MAX","Group: alexnet-pretrain-adam-finetune-adam-lr0.00005-preratio0.005-group - _step","Group: alexnet-pretrain-adam-finetune-adam-lr0.00005-preratio0.005-group - _step__MIN","Group: alexnet-pretrain-adam-finetune-adam-lr0.00005-preratio0.005-group - _step__MAX","Group: alexnet-pretrain-adam-finetune-adam-lr0.00005-preratio0.0-group - test/accuracy","Group: alexnet-pretrain-adam-finetune-adam-lr0.00005-preratio0.0-group - test/accuracy__MIN","Group: alexnet-pretrain-adam-finetune-adam-lr0.00005-preratio0.0-group - test/accuracy__MAX","Group: alexnet-pretrain-adam-finetune-adam-lr0.00005-preratio0.0-group - _step","Group: alexnet-pretrain-adam-finetune-adam-lr0.00005-preratio0.0-group - _step__MIN","Group: alexnet-pretrain-adam-finetune-adam-lr0.00005-preratio0.0-group - _step__MAX","Group: alexnet-pretrain-adam-finetune-adam-lr0.00001-preratio0.05-group - test/accuracy","Group: alexnet-pretrain-adam-finetune-adam-lr0.00001-preratio0.05-group - test/accuracy__MIN","Group: alexnet-pretrain-adam-finetune-adam-lr0.00001-preratio0.05-group - test/accuracy__MAX","Group: alexnet-pretrain-adam-finetune-adam-lr0.00001-preratio0.05-group - _step","Group: alexnet-pretrain-adam-finetune-adam-lr0.00001-preratio0.05-group - _step__MIN","Group: alexnet-pretrain-adam-finetune-adam-lr0.00001-preratio0.05-group - _step__MAX","Group: alexnet-pretrain-adam-finetune-adam-lr0.00001-preratio0.01-group - test/accuracy","Group: alexnet-pretrain-adam-finetune-adam-lr0.00001-preratio0.01-group - test/accuracy__MIN","Group: alexnet-pretrain-adam-finetune-adam-lr0.00001-preratio0.01-group - test/accuracy__MAX","Group: alexnet-pretrain-adam-finetune-adam-lr0.00001-preratio0.01-group - _step","Group: alexnet-pretrain-adam-finetune-adam-lr0.00001-preratio0.01-group - _step__MIN","Group: alexnet-pretrain-adam-finetune-adam-lr0.00001-preratio0.01-group - _step__MAX","Group: alexnet-pretrain-adam-finetune-adam-lr0.00001-preratio0.005-group - test/accuracy","Group: alexnet-pretrain-adam-finetune-adam-lr0.00001-preratio0.005-group - test/accuracy__MIN","Group: alexnet-pretrain-adam-finetune-adam-lr0.00001-preratio0.005-group - test/accuracy__MAX","Group: alexnet-pretrain-adam-finetune-adam-lr0.00001-preratio0.005-group - _step","Group: alexnet-pretrain-adam-finetune-adam-lr0.00001-preratio0.005-group - _step__MIN","Group: alexnet-pretrain-adam-finetune-adam-lr0.00001-preratio0.005-group - _step__MAX","Group: alexnet-pretrain-adam-finetune-adam-lr0.00001-preratio0.0-group - test/accuracy","Group: alexnet-pretrain-adam-finetune-adam-lr0.00001-preratio0.0-group - test/accuracy__MIN","Group: alexnet-pretrain-adam-finetune-adam-lr0.00001-preratio0.0-group - test/accuracy__MAX","Group: alexnet-pretrain-adam-finetune-adam-lr0.00001-preratio0.0-group - _step","Group: alexnet-pretrain-adam-finetune-adam-lr0.00001-preratio0.0-group - _step__MIN","Group: alexnet-pretrain-adam-finetune-adam-lr0.00001-preratio0.0-group - _step__MAX"
"4","0.582701062215478","0.5590288315629742","0.6015174506828528","480","480","480","0.6064491654021245","0.5978755690440061","0.6109256449165402","480","480","480","0.5779210925644916","0.5220030349013657","0.629742033383915","480","480","480","0.5001517450682853","0.47830045523520487","0.5207890743550835","195","195","195","0.5302731411229135","0.5028831562974203","0.5593323216995447","480","480","480","0.5893019726858877","0.5748103186646434","0.6054628224582701","480","480","480","0.581411229135053","0.548103186646434","0.5957511380880122","480","480","480","0.46449165402124426","0.456752655538695","0.47344461305007585","195","195","195","0.39142640364188164","0.3848254931714719","0.3990895295902883","480","480","480","0.40887708649468896","0.3969650986342944","0.4160849772382398","480","480","480","0.4129742033383915","0.4072837632776935","0.42094081942336875","480","480","480","0.07647951441578149","0.07040971168437025","0.08103186646433991","195","195","195"
"9","0.6079666160849773","0.5465857359635812","0.6300455235204856","960","960","960","0.6326251896813353","0.5915022761760242","0.6637329286798179","960","960","960","0.6411987860394537","0.6254931714719272","0.6534142640364188","960","960","960","0.6012139605462823","0.5905918057663126","0.6200303490136571","390","390","390","0.5954476479514416","0.5848254931714719","0.6060698027314112","960","960","960","0.6159332321699545","0.6027314112291351","0.6364188163884674","960","960","960","0.6369499241274659","0.6309559939301973","0.6427921092564491","960","960","960","0.5773141122913505","0.5723823975720789","0.5842185128983308","390","390","390","0.5202579666160849","0.5116843702579666","0.5268588770864947","960","960","960","0.5407435508345979","0.5347496206373293","0.5484066767830046","960","960","960","0.5405918057663126","0.5320182094081942","0.5535660091047041","960","960","960","0.3741274658573596","0.36509863429438544","0.37996965098634294","390","390","390"
"14","0.624279210925645","0.6009104704097117","0.644309559939302","1440","1440","1440","0.6345220030349012","0.6078907435508346","0.6564491654021244","1440","1440","1440","0.6682094081942338","0.6637329286798179","0.6710166919575113","1440","1440","1440","0.6261001517450684","0.6127465857359636","0.6397572078907435","585","585","585","0.6122154779969651","0.6081942336874051","0.6148710166919575","1440","1440","1440","0.6409711684370258","0.6339908952959029","0.6494688922610015","1440","1440","1440","0.6479514415781488","0.631866464339909","0.656752655538695","1440","1440","1440","0.6045523520485584","0.6021244309559939","0.6078907435508346","585","585","585","0.5679059180576631","0.5663125948406676","0.5696509863429439","1440","1440","1440","0.5935508345978755","0.585432473444613","0.597268588770865","1440","1440","1440","0.5914264036418817","0.5890743550834597","0.593019726858877","1440","1440","1440","0.47610015174506826","0.4658573596358118","0.48467374810318664","585","585","585"
"19","0.6204097116843703","0.5538694992412747","0.6528072837632777","1920","1920","1920","0.6554628224582701","0.6306525037936267","0.681638846737481","1920","1920","1920","0.6668437025796662","0.6600910470409712","0.6737481031866465","1920","1920","1920","0.6199544764795144","0.5590288315629742","0.6485584218512899","780","780","780","0.6168437025796661","0.6030349013657056","0.6261001517450683","1920","1920","1920","0.6474203338391502","0.6330804248861912","0.6597875569044006","1920","1920","1920","0.6594081942336874","0.6561456752655539","0.6634294385432473","1920","1920","1920","0.6265553869499241","0.6224582701062216","0.6358118361153262","780","780","780","0.5827769347496206","0.5793626707132018","0.5869499241274658","1920","1920","1920","0.6121396054628225","0.6045523520485584","0.6169954476479514","1920","1920","1920","0.6137329286798179","0.6051593323216995","0.6206373292867982","1920","1920","1920","0.5204097116843702","0.51350531107739","0.5280728376327769","780","780","780"
"24","0.6482549317147193","0.6236722306525038","0.6600910470409712","2400","2400","2400","0.6659332321699545","0.656752655538695","0.669195751138088","2400","2400","2400","0.6649468892261001","0.6464339908952959","0.7022761760242792","2400","2400","2400","0.6555386949924128","0.6512898330804249","0.6631259484066768","975","975","975","0.6096358118361153","0.5593323216995447","0.6273141122913505","2400","2400","2400","0.65","0.6355083459787557","0.6603945371775417","2400","2400","2400","0.6530349013657056","0.644309559939302","0.6649468892261001","2400","2400","2400","0.630804248861912","0.6200303490136571","0.637329286798179","975","975","975","0.5922610015174508","0.5887708649468892","0.5963581183611533","2400","2400","2400","0.6241274658573597","0.6191198786039454","0.6267071320182094","2400","2400","2400","0.6230652503793627","0.6215477996965099","0.62701062215478","2400","2400","2400","0.5621396054628225","0.5614567526555387","0.5629742033383915","975","975","975"
"29","0.6479514415781488","0.6458270106221548","0.6522003034901366","2880","2880","2880","0.6651745068285281","0.6555386949924128","0.676176024279211","2880","2880","2880","0.6745068285280729","0.6710166919575113","0.6773899848254932","2880","2880","2880","0.646433990895296","0.6242792109256449","0.6667678300455235","1170","1170","1170","0.6260242792109256","0.6233687405159333","0.6303490136570562","2880","2880","2880","0.6404400606980274","0.6279210925644917","0.649165402124431","2880","2880","2880","0.6540212443095599","0.6455235204855843","0.6655538694992412","2880","2880","2880","0.6433990895295902","0.6376327769347496","0.6464339908952959","1170","1170","1170","0.5995447647951442","0.5948406676783005","0.6027314112291351","2880","2880","2880","0.6292867981790591","0.6224582701062216","0.6403641881638846","2880","2880","2880","0.6296661608497723","0.6179059180576632","0.637329286798179","2880","2880","2880","0.5812594840667679","0.5775417298937785","0.5848254931714719","1170","1170","1170"
"34","0.6400606980273141","0.6160849772382397","0.6622154779969651","3360","3360","3360","0.68247344461305","0.6728376327769348","0.691350531107739","3360","3360","3360","0.6732928679817906","0.6546282245827011","0.6943854324734446","3360","3360","3360","0.6650986342943854","0.6534142640364188","0.6804248861911988","1365","1365","1365","0.6292109256449165","0.6142640364188164","0.6376327769347496","3360","3360","3360","0.6547799696509864","0.649165402124431","0.6610015174506828","3360","3360","3360","0.6713960546282246","0.6579666160849772","0.6810318664643399","3360","3360","3360","0.6477996965098635","0.6400606980273141","0.6546282245827011","1365","1365","1365","0.6057663125948407","0.6027314112291351","0.6078907435508346","3360","3360","3360","0.6336115326251897","0.6306525037936267","0.6358118361153262","3360","3360","3360","0.6389984825493171","0.6358118361153262","0.644309559939302","3360","3360","3360","0.5951441578148711","0.5915022761760242","0.6003034901365706","1365","1365","1365"
"39","0.6615326251896814","0.6585735963581184","0.6682852807283763","3840","3840","3840","0.6751138088012141","0.6440060698027315","0.6867981790591806","3840","3840","3840","0.6785280728376328","0.6646433990895296","0.691350531107739","3840","3840","3840","0.6418057663125948","0.6094081942336874","0.6597875569044006","1560","1560","1560","0.6269347496206373","0.6127465857359636","0.6364188163884674","3840","3840","3840","0.6549317147192716","0.6500758725341427","0.6600910470409712","3840","3840","3840","0.6462822458270105","0.6185128983308043","0.6664643399089529","3840","3840","3840","0.6405918057663126","0.6358118361153262","0.644916540212443","1560","1560","1560","0.6075113808801214","0.6012139605462823","0.6142640364188164","3840","3840","3840","0.6366464339908954","0.6324734446130501","0.6409711684370258","3840","3840","3840","0.6387708649468893","0.6336874051593323","0.6455235204855843","3840","3840","3840","0.604628224582701","0.5978755690440061","0.617298937784522","1560","1560","1560"
"44","0.6518209408194233","0.6458270106221548","0.6579666160849772","4320","4320","4320","0.673596358118361","0.6561456752655539","0.6901365705614567","4320","4320","4320","0.6865705614567527","0.6779969650986343","0.6910470409711684","4320","4320","4320","0.6669954476479515","0.6585735963581184","0.6749620637329287","1755","1755","1755","0.6188922610015175","0.5939301972685888","0.6367223065250379","4320","4320","4320","0.6599393019726858","0.6537177541729894","0.6652503793626707","4320","4320","4320","0.6560698027314112","0.6485584218512899","0.6661608497723824","4320","4320","4320","0.6430955993930199","0.6400606980273141","0.6476479514415782","1755","1755","1755","0.6077389984825493","0.6012139605462823","0.6145675265553869","4320","4320","4320","0.6399089529590288","0.6358118361153262","0.6476479514415782","4320","4320","4320","0.6422610015174507","0.6409711684370258","0.6446130500758726","4320","4320","4320","0.6103186646433991","0.6054628224582701","0.6136570561456752","1755","1755","1755"
"49","0.6409711684370258","0.6027314112291351","0.6585735963581184","4800","4800","4800","0.6590288315629742","0.6203338391502277","0.6846737481031866","4800","4800","4800","0.6770864946889226","0.6506828528072838","0.6934749620637329","4800","4800","4800","0.6695751138088012","0.6600910470409712","0.676176024279211","1950","1950","1950","0.6298179059180576","0.6185128983308043","0.6355083459787557","4800","4800","4800","0.6509863429438543","0.6294385432473445","0.6725341426403642","4800","4800","4800","0.6619878603945372","0.6522003034901366","0.6704097116843702","4800","4800","4800","0.6440819423368741","0.639453717754173","0.6488619119878604","1950","1950","1950","0.6083459787556904","0.6036418816388467","0.6142640364188164","4800","4800","4800","0.6412746585735963","0.6339908952959029","0.6455235204855843","4800","4800","4800","0.641350531107739","0.6349013657056146","0.6509863429438544","4800","4800","4800","0.6156297420333838","0.6103186646433991","0.6215477996965099","1950","1950","1950"
"54","0.6665402124430957","0.65948406676783","0.6716236722306526","5280","5280","5280","0.6908194233687406","0.6846737481031866","0.7016691957511381","5280","5280","5280","0.6909711684370258","0.6880121396054628","0.694081942336874","5280","5280","5280","0.6611532625189682","0.6528072837632777","0.6701062215477998","2145","2145","2145","0.6285280728376328","0.6063732928679818","0.6382397572078907","5280","5280","5280","0.6483308042488619","0.6191198786039454","0.6652503793626707","5280","5280","5280","0.6654779969650987","0.6585735963581184","0.6728376327769348","5280","5280","5280","0.6434749620637329","0.6330804248861912","0.6494688922610015","2145","2145","2145","0.612670713201821","0.6051593323216995","0.6233687405159333","5280","5280","5280","0.6371775417298937","0.6358118361153262","0.6403641881638846","5280","5280","5280","0.6475720789074355","0.6430955993930197","0.6503793626707132","5280","5280","5280","0.6225341426403642","0.6200303490136571","0.6248861911987861","2145","2145","2145"
"59","0.6367981790591806","0.5848254931714719","0.6728376327769348","5760","5760","5760","0.6891502276176024","0.6834597875569044","0.6937784522003035","5760","5760","5760","0.683990895295903","0.6707132018209409","0.6919575113808801","5760","5760","5760","0.670257966616085","0.6512898330804249","0.6804248861911988","2340","2340","2340","0.6262518968133535","0.6203338391502277","0.6388467374810318","5760","5760","5760","0.6456752655538696","0.6285280728376328","0.6664643399089529","5760","5760","5760","0.6645675265553869","0.6506828528072838","0.6779969650986343","5760","5760","5760","0.6494688922610016","0.6400606980273141","0.6610015174506828","2340","2340","2340","0.6115326251896813","0.6015174506828528","0.6182094081942336","5760","5760","5760","0.6384673748103187","0.6315629742033384","0.6440060698027315","5760","5760","5760","0.6455993930197268","0.6406676783004552","0.6485584218512899","5760","5760","5760","0.6282245827010622","0.6261001517450683","0.629742033383915","2340","2340","2340"
"64","0.6652503793626707","0.6528072837632777","0.681638846737481","6240","6240","6240","0.6815629742033383","0.6652503793626707","0.6965098634294385","6240","6240","6240","0.6912746585735964","0.6707132018209409","0.7016691957511381","6240","6240","6240","0.6707890743550835","0.6585735963581184","0.6907435508345979","2535","2535","2535","0.62701062215478","0.6163884673748103","0.6397572078907435","6240","6240","6240","0.6632018209408194","0.6446130500758726","0.6728376327769348","6240","6240","6240","0.6620637329286798","0.6336874051593323","0.6758725341426404","6240","6240","6240","0.5927921092564492","0.43520485584218516","0.6497723823975721","2535","2535","2535","0.6106980273141123","0.6069802731411229","0.6176024279210925","6240","6240","6240","0.6377845220030349","0.629742033383915","0.644916540212443","6240","6240","6240","0.6494688922610015","0.6415781487101669","0.6561456752655539","6240","6240","6240","0.6296661608497724","0.62701062215478","0.6324734446130501","2535","2535","2535"
"69","0.6618361153262519","0.6415781487101669","0.6846737481031866","6720","6720","6720","0.6778452200303491","0.6464339908952959","0.6955993930197268","6720","6720","6720","0.696813353566009","0.68649468892261","0.7025796661608498","6720","6720","6720","0.6619878603945372","0.6427921092564491","0.6786039453717754","2730","2730","2730","0.6267071320182094","0.6042488619119879","0.6412746585735963","6720","6720","6720","0.6653262518968134","0.661608497723824","0.6688922610015174","6720","6720","6720","0.6673748103186646","0.6509863429438544","0.6746585735963582","6720","6720","6720","0.654248861911988","0.6367223065250379","0.6737481031866465","2730","2730","2730","0.6115326251896813","0.604855842185129","0.6166919575113808","6720","6720","6720","0.6389984825493171","0.6349013657056146","0.6430955993930197","6720","6720","6720","0.6496965098634294","0.6452200303490137","0.6537177541729894","6720","6720","6720","0.633535660091047","0.631866464339909","0.6358118361153262","2730","2730","2730"
"74","0.6623672230652504","0.6579666160849772","0.6701062215477998","7200","7200","7200","0.6884673748103187","0.6813353566009105","0.6962063732928679","7200","7200","7200","0.6817905918057663","0.6433990895295902","0.705918057663126","7200","7200","7200","0.6729893778452201","0.6588770864946889","0.6889226100151745","2925","2925","2925","0.6261001517450684","0.6218512898330805","0.6303490136570562","7200","7200","7200","0.6697268588770865","0.6676783004552352","0.6707132018209409","7200","7200","7200","0.6718512898330804","0.6552352048558422","0.6825493171471927","7200","7200","7200","0.6508345978755691","0.6440060698027315","0.661608497723824","2925","2925","2925","0.6110015174506828","0.6015174506828528","0.6145675265553869","7200","7200","7200","0.6405159332321699","0.6364188163884674","0.6440060698027315","7200","7200","7200","0.6465857359635812","0.6321699544764795","0.6579666160849772","7200","7200","7200","0.6347496206373293","0.6303490136570562","0.6403641881638846","2925","2925","2925"
"79","0.6620637329286798","0.6424886191198786","0.6779969650986343","7680","7680","7680","0.6952200303490137","0.6883156297420334","0.6986342943854325","7680","7680","7680","0.6921851289833081","0.6685887708649468","0.7056145675265554","7680","7680","7680","0.674886191198786","0.6610015174506828","0.6861911987860394","3120","3120","3120","0.6399848254931715","0.634597875569044","0.6509863429438544","7680","7680","7680","0.6747344461305007","0.6664643399089529","0.6840667678300455","7680","7680","7680","0.6716995447647952","0.6652503793626707","0.6783004552352049","7680","7680","7680","0.6546282245827011","0.6476479514415782","0.661608497723824","3120","3120","3120","0.6122913505311077","0.6069802731411229","0.6191198786039454","7680","7680","7680","0.6412746585735963","0.6352048558421851","0.644916540212443","7680","7680","7680","0.6515174506828528","0.6458270106221548","0.6573596358118361","7680","7680","7680","0.6349013657056146","0.6294385432473445","0.6376327769347496","3120","3120","3120"
"84","0.6669195751138088","0.6488619119878604","0.6792109256449166","8160","8160","8160","0.6841426403641881","0.6512898330804249","0.7101669195751138","8160","8160","8160","0.6952200303490136","0.6846737481031866","0.703793626707132","8160","8160","8160","0.6783004552352049","0.6679817905918057","0.6901365705614567","3315","3315","3315","0.6454476479514416","0.6330804248861912","0.6528072837632777","8160","8160","8160","0.6677541729893779","0.6561456752655539","0.6758725341426404","8160","8160","8160","0.6754172989377846","0.6640364188163884","0.6907435508345979","8160","8160","8160","0.6507587253414264","0.6424886191198786","0.6585735963581184","3315","3315","3315","0.6119119878603945","0.6084977238239757","0.6163884673748103","8160","8160","8160","0.6380880121396054","0.6349013657056146","0.6418816388467374","8160","8160","8160","0.6514415781487102","0.6467374810318665","0.6555386949924128","8160","8160","8160","0.6364188163884674","0.6306525037936267","0.6400606980273141","3315","3315","3315"
"89","0.6752655538694993","0.6582701062215478","0.6840667678300455","8640","8640","8640","0.7100151745068285","0.6980273141122914","0.7198786039453717","8640","8640","8640","0.698103186646434","0.6861911987860394","0.7089529590288316","8640","8640","8640","0.6880121396054628","0.667071320182094","0.7080424886191199","3510","3510","3510","0.6392261001517451","0.6188163884673749","0.6476479514415782","8640","8640","8640","0.6661608497723824","0.6379362670713202","0.6798179059180577","8640","8640","8640","0.6769347496206374","0.6570561456752656","0.6952959028831563","8640","8640","8640","0.6572837632776934","0.6437025796661608","0.6664643399089529","3510","3510","3510","0.6133535660091047","0.6091047040971168","0.617298937784522","8640","8640","8640","0.6408952959028832","0.6364188163884674","0.6430955993930197","8640","8640","8640","0.6522003034901366","0.6476479514415782","0.6546282245827011","8640","8640","8640","0.6360394537177542","0.631866464339909","0.639453717754173","3510","3510","3510"